{
  "sources": [
    {
      "type": "paletted_permutations",
      "textures": [
        "copper_armor:trims/models/armor/custom_copper",
        "copper_armor:trims/models/armor/custom_copper_leggings",
        "copper_armor:trims/models/armor/custom_copper_exposed",
        "copper_armor:trims/models/armor/custom_copper_exposed_leggings",
        "copper_armor:trims/models/armor/custom_copper_weathered",
        "copper_armor:trims/models/armor/custom_copper_weathered_leggings",
        "copper_armor:trims/models/armor/custom_copper_oxidized",
        "copper_armor:trims/models/armor/custom_copper_oxidized_leggings",
        "copper_armor:trims/models/armor/custom_copper_damaged",
        "copper_armor:trims/models/armor/custom_copper_damaged_leggings"

      ],
      "palette_key": "trims/color_palettes/trim_palette",
      "permutations": {
	"custom_copper": "copper_armor:trims/color_palettes/custom_copper",
	"custom_copper_exposed": "copper_armor:trims/color_palettes/custom_copper_exposed",
	"custom_copper_weathered": "copper_armor:trims/color_palettes/custom_copper_weathered",
	"custom_copper_oxidized": "copper_armor:trims/color_palettes/custom_copper_oxidized",
	"custom_copper_damaged": "copper_armor:trims/color_palettes/custom_copper_damaged",
        "quartz": "trims/color_palettes/quartz",
        "iron": "trims/color_palettes/iron",
        "gold": "trims/color_palettes/gold",
        "diamond": "trims/color_palettes/diamond",
        "netherite": "trims/color_palettes/netherite",
        "redstone": "trims/color_palettes/redstone",
        "copper": "trims/color_palettes/copper",
        "emerald": "trims/color_palettes/emerald",
        "lapis": "trims/color_palettes/lapis",
        "amethyst": "trims/color_palettes/amethyst",
        "iron_darker": "trims/color_palettes/iron_darker",
        "gold_darker": "trims/color_palettes/gold_darker",
        "diamond_darker": "trims/color_palettes/diamond_darker",
        "netherite_darker": "trims/color_palettes/netherite_darker"
      }
    }
  ]
}