{
    "parent": "item/handheld",
    "display": {
        "ground": {
            "rotation": [ 0, 0, 0 ],
            "translation": [ 0, 0, 0],
            "scale":[ 0.75, 0.75, 0.75 ]
        },
        "head": {
            "rotation": [ 0, 180, 0 ],
            "translation": [ 0, 13, 7],
            "scale":[ 1, 1, 1]
        },
        "thirdperson_righthand": {
            "rotation": [ 0, 90, 45 ],
            "translation": [ 0, 6, 0 ],
            "scale": [ 1, 1, 0.75 ]
        },
        "thirdperson_lefthand": {
            "rotation": [ 0, -90, -45 ],
            "translation": [ 0, 6, 0 ],
            "scale": [ 1, 1, 0.75 ]
        },
        "firstperson_righthand": {
            "rotation": [ 0, 90, 65 ],
            "translation": [ 0, 4, 2],
            "scale": [ 0.75, 0.75, 0.75 ]
        },
	    "firstperson_lefthand": {
            "rotation": [ 0, -90, -65 ],
            "translation": [ 0, 4, 2],
            "scale": [ 0.75, 0.75, 0.75 ]
        },
        "fixed": {
            "rotation": [ 0, 0, 0 ],
            "scale": [ 1, 1, 1 ]
        },
		"gui": {
            "rotation": [ 0, 0, 0 ],
            "translation": [ 0, 0, 0 ],
            "scale": [ 0.9, 0.9, 0.9 ]
        }
    }
}
