{
	"credit": "Made with Blockbench",
	"texture_size": [64, 64],
	"textures": {
		"0": "custom_items:item/spike_helmet"
	},
	"elements": [
		{
			"from": [-5, 28, -5],
			"to": [5, 28, 5],
			"rotation": {"angle": 0, "axis": "y", "origin": [0, 20, 0]},
			"faces": {
				"north": {"uv": [2.5, 2.5, 5, 2.5], "texture": "#0"},
				"east": {"uv": [0, 2.5, 2.5, 2.5], "texture": "#0"},
				"south": {"uv": [7.5, 2.5, 10, 2.5], "texture": "#0"},
				"west": {"uv": [5, 2.5, 7.5, 2.5], "texture": "#0"},
				"up": {"uv": [5, 2.5, 2.5, 0], "texture": "#0"},
				"down": {"uv": [7.5, 0, 5, 2.5], "texture": "#0"}
			}
		},
		{
			"from": [5, 23, 0],
			"to": [5, 28, 5],
			"rotation": {"angle": 0, "axis": "y", "origin": [0, 20, 0]},
			"faces": {
				"north": {"uv": [1.25, 4.75, 1.25, 6], "texture": "#0"},
				"east": {"uv": [0, 4.75, 1.25, 6], "texture": "#0"},
				"south": {"uv": [2.5, 4.75, 2.5, 6], "texture": "#0"},
				"west": {"uv": [1.25, 4.75, 2.5, 6], "texture": "#0"},
				"up": {"uv": [1.25, 4.75, 1.25, 3.5], "texture": "#0"},
				"down": {"uv": [1.25, 3.5, 1.25, 4.75], "texture": "#0"}
			}
		},
		{
			"from": [5, 24, -5],
			"to": [5, 28, 0],
			"rotation": {"angle": 0, "axis": "y", "origin": [0, 20, 0]},
			"faces": {
				"north": {"uv": [3.75, 5.75, 3.75, 6.75], "texture": "#0"},
				"east": {"uv": [2.5, 5.75, 3.75, 6.75], "texture": "#0"},
				"south": {"uv": [5, 5.75, 5, 6.75], "texture": "#0"},
				"west": {"uv": [3.75, 5.75, 5, 6.75], "texture": "#0"},
				"up": {"uv": [3.75, 5.75, 3.75, 4.5], "texture": "#0"},
				"down": {"uv": [3.75, 4.5, 3.75, 5.75], "texture": "#0"}
			}
		},
		{
			"from": [4, 28, -2],
			"to": [4, 30, -1],
			"rotation": {"angle": 0, "axis": "y", "origin": [0, 20, 0]},
			"faces": {
				"north": {"uv": [1.25, 6, 1.25, 6.5], "texture": "#0"},
				"east": {"uv": [1, 6, 1.25, 6.5], "texture": "#0"},
				"south": {"uv": [1.5, 6, 1.5, 6.5], "texture": "#0"},
				"west": {"uv": [1.25, 6, 1.5, 6.5], "texture": "#0"},
				"up": {"uv": [1.25, 6, 1.25, 5.75], "texture": "#0"},
				"down": {"uv": [1.25, 5.75, 1.25, 6], "texture": "#0"}
			}
		},
		{
			"from": [3, 28, -2],
			"to": [3, 29, -1],
			"rotation": {"angle": 0, "axis": "y", "origin": [0, 20, 0]},
			"faces": {
				"north": {"uv": [6.25, 3.75, 6.25, 4], "texture": "#0"},
				"east": {"uv": [6, 3.75, 6.25, 4], "texture": "#0"},
				"south": {"uv": [6.5, 3.75, 6.5, 4], "texture": "#0"},
				"west": {"uv": [6.25, 3.75, 6.5, 4], "texture": "#0"},
				"up": {"uv": [6.25, 3.75, 6.25, 3.5], "texture": "#0"},
				"down": {"uv": [6.25, 3.5, 6.25, 3.75], "texture": "#0"}
			}
		},
		{
			"from": [3, 28, 2],
			"to": [3, 29, 3],
			"rotation": {"angle": 0, "axis": "y", "origin": [0, 20, 0]},
			"faces": {
				"north": {"uv": [6.25, 3.5, 6.25, 3.75], "texture": "#0"},
				"east": {"uv": [6, 3.5, 6.25, 3.75], "texture": "#0"},
				"south": {"uv": [6.5, 3.5, 6.5, 3.75], "texture": "#0"},
				"west": {"uv": [6.25, 3.5, 6.5, 3.75], "texture": "#0"},
				"up": {"uv": [6.25, 3.5, 6.25, 3.25], "texture": "#0"},
				"down": {"uv": [6.25, 3.25, 6.25, 3.5], "texture": "#0"}
			}
		},
		{
			"from": [-3, 28, 2],
			"to": [-3, 29, 3],
			"rotation": {"angle": 0, "axis": "y", "origin": [0, 20, 0]},
			"faces": {
				"north": {"uv": [6.25, 3.25, 6.25, 3.5], "texture": "#0"},
				"east": {"uv": [6, 3.25, 6.25, 3.5], "texture": "#0"},
				"south": {"uv": [6.5, 3.25, 6.5, 3.5], "texture": "#0"},
				"west": {"uv": [6.25, 3.25, 6.5, 3.5], "texture": "#0"},
				"up": {"uv": [6.25, 3.25, 6.25, 3], "texture": "#0"},
				"down": {"uv": [6.25, 3, 6.25, 3.25], "texture": "#0"}
			}
		},
		{
			"from": [-4, 28, -2],
			"to": [-4, 29, -1],
			"rotation": {"angle": 0, "axis": "y", "origin": [0, 20, 0]},
			"faces": {
				"north": {"uv": [6.25, 3, 6.25, 3.25], "texture": "#0"},
				"east": {"uv": [6, 3, 6.25, 3.25], "texture": "#0"},
				"south": {"uv": [6.5, 3, 6.5, 3.25], "texture": "#0"},
				"west": {"uv": [6.25, 3, 6.5, 3.25], "texture": "#0"},
				"up": {"uv": [6.25, 3, 6.25, 2.75], "texture": "#0"},
				"down": {"uv": [6.25, 2.75, 6.25, 3], "texture": "#0"}
			}
		},
		{
			"from": [-2, 28, -1],
			"to": [-2, 29, 0],
			"rotation": {"angle": 0, "axis": "y", "origin": [0, 20, 0]},
			"faces": {
				"north": {"uv": [6.25, 2.75, 6.25, 3], "texture": "#0"},
				"east": {"uv": [6, 2.75, 6.25, 3], "texture": "#0"},
				"south": {"uv": [6.5, 2.75, 6.5, 3], "texture": "#0"},
				"west": {"uv": [6.25, 2.75, 6.5, 3], "texture": "#0"},
				"up": {"uv": [6.25, 2.75, 6.25, 2.5], "texture": "#0"},
				"down": {"uv": [6.25, 2.5, 6.25, 2.75], "texture": "#0"}
			}
		},
		{
			"from": [-2, 28, -4],
			"to": [-2, 29, -3],
			"rotation": {"angle": 0, "axis": "y", "origin": [0, 20, 0]},
			"faces": {
				"north": {"uv": [6.25, 2.5, 6.25, 2.75], "texture": "#0"},
				"east": {"uv": [6, 2.5, 6.25, 2.75], "texture": "#0"},
				"south": {"uv": [6.5, 2.5, 6.5, 2.75], "texture": "#0"},
				"west": {"uv": [6.25, 2.5, 6.5, 2.75], "texture": "#0"},
				"up": {"uv": [6.25, 2.5, 6.25, 2.25], "texture": "#0"},
				"down": {"uv": [6.25, 2.25, 6.25, 2.5], "texture": "#0"}
			}
		},
		{
			"from": [-1, 28, 2],
			"to": [-1, 30, 3],
			"rotation": {"angle": 0, "axis": "y", "origin": [0, 20, 0]},
			"faces": {
				"north": {"uv": [0.75, 6, 0.75, 6.5], "texture": "#0"},
				"east": {"uv": [0.5, 6, 0.75, 6.5], "texture": "#0"},
				"south": {"uv": [1, 6, 1, 6.5], "texture": "#0"},
				"west": {"uv": [0.75, 6, 1, 6.5], "texture": "#0"},
				"up": {"uv": [0.75, 6, 0.75, 5.75], "texture": "#0"},
				"down": {"uv": [0.75, 5.75, 0.75, 6], "texture": "#0"}
			}
		},
		{
			"from": [-1, 26, 5],
			"to": [-1, 27, 7],
			"rotation": {"angle": 0, "axis": "y", "origin": [0, 20, 0]},
			"faces": {
				"north": {"uv": [5.5, 3.25, 5.5, 3.5], "texture": "#0"},
				"east": {"uv": [5, 3.25, 5.5, 3.5], "texture": "#0"},
				"south": {"uv": [6, 3.25, 6, 3.5], "texture": "#0"},
				"west": {"uv": [5.5, 3.25, 6, 3.5], "texture": "#0"},
				"up": {"uv": [5.5, 3.25, 5.5, 2.75], "texture": "#0"},
				"down": {"uv": [5.5, 2.75, 5.5, 3.25], "texture": "#0"}
			}
		},
		{
			"from": [0, 26, 5],
			"to": [0, 27, 6],
			"rotation": {"angle": 0, "axis": "y", "origin": [0, 20, 0]},
			"faces": {
				"north": {"uv": [2.25, 6.25, 2.25, 6.5], "texture": "#0"},
				"east": {"uv": [2, 6.25, 2.25, 6.5], "texture": "#0"},
				"south": {"uv": [2.5, 6.25, 2.5, 6.5], "texture": "#0"},
				"west": {"uv": [2.25, 6.25, 2.5, 6.5], "texture": "#0"},
				"up": {"uv": [2.25, 6.25, 2.25, 6], "texture": "#0"},
				"down": {"uv": [2.25, 6, 2.25, 6.25], "texture": "#0"}
			}
		},
		{
			"from": [-3, 25, 5],
			"to": [-3, 26, 6],
			"rotation": {"angle": 0, "axis": "y", "origin": [0, 20, 0]},
			"faces": {
				"north": {"uv": [1.75, 6.25, 1.75, 6.5], "texture": "#0"},
				"east": {"uv": [1.5, 6.25, 1.75, 6.5], "texture": "#0"},
				"south": {"uv": [2, 6.25, 2, 6.5], "texture": "#0"},
				"west": {"uv": [1.75, 6.25, 2, 6.5], "texture": "#0"},
				"up": {"uv": [1.75, 6.25, 1.75, 6], "texture": "#0"},
				"down": {"uv": [1.75, 6, 1.75, 6.25], "texture": "#0"}
			}
		},
		{
			"from": [-4, 23, 5],
			"to": [-4, 24, 6],
			"rotation": {"angle": 0, "axis": "y", "origin": [0, 20, 0]},
			"faces": {
				"north": {"uv": [5.25, 6, 5.25, 6.25], "texture": "#0"},
				"east": {"uv": [5, 6, 5.25, 6.25], "texture": "#0"},
				"south": {"uv": [5.5, 6, 5.5, 6.25], "texture": "#0"},
				"west": {"uv": [5.25, 6, 5.5, 6.25], "texture": "#0"},
				"up": {"uv": [5.25, 6, 5.25, 5.75], "texture": "#0"},
				"down": {"uv": [5.25, 5.75, 5.25, 6], "texture": "#0"}
			}
		},
		{
			"from": [4, 23, 5],
			"to": [4, 24, 6],
			"rotation": {"angle": 0, "axis": "y", "origin": [0, 20, 0]},
			"faces": {
				"north": {"uv": [2.25, 6, 2.25, 6.25], "texture": "#0"},
				"east": {"uv": [2, 6, 2.25, 6.25], "texture": "#0"},
				"south": {"uv": [2.5, 6, 2.5, 6.25], "texture": "#0"},
				"west": {"uv": [2.25, 6, 2.5, 6.25], "texture": "#0"},
				"up": {"uv": [2.25, 6, 2.25, 5.75], "texture": "#0"},
				"down": {"uv": [2.25, 5.75, 2.25, 6], "texture": "#0"}
			}
		},
		{
			"from": [4, 26, 5],
			"to": [4, 27, 6],
			"rotation": {"angle": 0, "axis": "y", "origin": [0, 20, 0]},
			"faces": {
				"north": {"uv": [1.75, 6, 1.75, 6.25], "texture": "#0"},
				"east": {"uv": [1.5, 6, 1.75, 6.25], "texture": "#0"},
				"south": {"uv": [2, 6, 2, 6.25], "texture": "#0"},
				"west": {"uv": [1.75, 6, 2, 6.25], "texture": "#0"},
				"up": {"uv": [1.75, 6, 1.75, 5.75], "texture": "#0"},
				"down": {"uv": [1.75, 5.75, 1.75, 6], "texture": "#0"}
			}
		},
		{
			"from": [1, 25, 5],
			"to": [1, 26, 6],
			"rotation": {"angle": 0, "axis": "y", "origin": [0, 20, 0]},
			"faces": {
				"north": {"uv": [0.25, 0.75, 0.25, 1], "texture": "#0"},
				"east": {"uv": [0, 0.75, 0.25, 1], "texture": "#0"},
				"south": {"uv": [0.5, 0.75, 0.5, 1], "texture": "#0"},
				"west": {"uv": [0.25, 0.75, 0.5, 1], "texture": "#0"},
				"up": {"uv": [0.25, 0.75, 0.25, 0.5], "texture": "#0"},
				"down": {"uv": [0.25, 0.5, 0.25, 0.75], "texture": "#0"}
			}
		},
		{
			"from": [4, 25, 5],
			"to": [4, 26, 7],
			"rotation": {"angle": 0, "axis": "y", "origin": [0, 20, 0]},
			"faces": {
				"north": {"uv": [5.5, 3, 5.5, 3.25], "texture": "#0"},
				"east": {"uv": [5, 3, 5.5, 3.25], "texture": "#0"},
				"south": {"uv": [6, 3, 6, 3.25], "texture": "#0"},
				"west": {"uv": [5.5, 3, 6, 3.25], "texture": "#0"},
				"up": {"uv": [5.5, 3, 5.5, 2.5], "texture": "#0"},
				"down": {"uv": [5.5, 2.5, 5.5, 3], "texture": "#0"}
			}
		},
		{
			"from": [0, 23, 5],
			"to": [0, 24, 7],
			"rotation": {"angle": 0, "axis": "y", "origin": [0, 20, 0]},
			"faces": {
				"north": {"uv": [5.5, 2.75, 5.5, 3], "texture": "#0"},
				"east": {"uv": [5, 2.75, 5.5, 3], "texture": "#0"},
				"south": {"uv": [6, 2.75, 6, 3], "texture": "#0"},
				"west": {"uv": [5.5, 2.75, 6, 3], "texture": "#0"},
				"up": {"uv": [5.5, 2.75, 5.5, 2.25], "texture": "#0"},
				"down": {"uv": [5.5, 2.25, 5.5, 2.75], "texture": "#0"}
			}
		},
		{
			"from": [2, 26, 5],
			"to": [2, 27, 7],
			"rotation": {"angle": 0, "axis": "y", "origin": [0, 20, 0]},
			"faces": {
				"north": {"uv": [5.5, 2.5, 5.5, 2.75], "texture": "#0"},
				"east": {"uv": [5, 2.5, 5.5, 2.75], "texture": "#0"},
				"south": {"uv": [6, 2.5, 6, 2.75], "texture": "#0"},
				"west": {"uv": [5.5, 2.5, 6, 2.75], "texture": "#0"},
				"up": {"uv": [5.5, 2.5, 5.5, 2], "texture": "#0"},
				"down": {"uv": [5.5, 2, 5.5, 2.5], "texture": "#0"}
			}
		},
		{
			"from": [-2, 24, 5],
			"to": [-2, 25, 7],
			"rotation": {"angle": 0, "axis": "y", "origin": [0, 20, 0]},
			"faces": {
				"north": {"uv": [1.5, 1, 1.5, 1.25], "texture": "#0"},
				"east": {"uv": [1, 1, 1.5, 1.25], "texture": "#0"},
				"south": {"uv": [2, 1, 2, 1.25], "texture": "#0"},
				"west": {"uv": [1.5, 1, 2, 1.25], "texture": "#0"},
				"up": {"uv": [1.5, 1, 1.5, 0.5], "texture": "#0"},
				"down": {"uv": [1.5, 0.5, 1.5, 1], "texture": "#0"}
			}
		},
		{
			"from": [-4, 26, 5],
			"to": [-4, 27, 7],
			"rotation": {"angle": 0, "axis": "y", "origin": [0, 20, 0]},
			"faces": {
				"north": {"uv": [1.5, 0.75, 1.5, 1], "texture": "#0"},
				"east": {"uv": [1, 0.75, 1.5, 1], "texture": "#0"},
				"south": {"uv": [2, 0.75, 2, 1], "texture": "#0"},
				"west": {"uv": [1.5, 0.75, 2, 1], "texture": "#0"},
				"up": {"uv": [1.5, 0.75, 1.5, 0.25], "texture": "#0"},
				"down": {"uv": [1.5, 0.25, 1.5, 0.75], "texture": "#0"}
			}
		},
		{
			"from": [2, 24, 5],
			"to": [2, 25, 7],
			"rotation": {"angle": 0, "axis": "y", "origin": [0, 20, 0]},
			"faces": {
				"north": {"uv": [0.5, 1, 0.5, 1.25], "texture": "#0"},
				"east": {"uv": [0, 1, 0.5, 1.25], "texture": "#0"},
				"south": {"uv": [1, 1, 1, 1.25], "texture": "#0"},
				"west": {"uv": [0.5, 1, 1, 1.25], "texture": "#0"},
				"up": {"uv": [0.5, 1, 0.5, 0.5], "texture": "#0"},
				"down": {"uv": [0.5, 0.5, 0.5, 1], "texture": "#0"}
			}
		},
		{
			"from": [0, 28, -3],
			"to": [0, 30, -2],
			"rotation": {"angle": 0, "axis": "y", "origin": [0, 20, 0]},
			"faces": {
				"north": {"uv": [0.25, 6, 0.25, 6.5], "texture": "#0"},
				"east": {"uv": [0, 6, 0.25, 6.5], "texture": "#0"},
				"south": {"uv": [0.5, 6, 0.5, 6.5], "texture": "#0"},
				"west": {"uv": [0.25, 6, 0.5, 6.5], "texture": "#0"},
				"up": {"uv": [0.25, 6, 0.25, 5.75], "texture": "#0"},
				"down": {"uv": [0.25, 5.75, 0.25, 6], "texture": "#0"}
			}
		},
		{
			"from": [2, 28, -4],
			"to": [2, 30, -3],
			"rotation": {"angle": 0, "axis": "y", "origin": [0, 20, 0]},
			"faces": {
				"north": {"uv": [5.75, 5.75, 5.75, 6.25], "texture": "#0"},
				"east": {"uv": [5.5, 5.75, 5.75, 6.25], "texture": "#0"},
				"south": {"uv": [6, 5.75, 6, 6.25], "texture": "#0"},
				"west": {"uv": [5.75, 5.75, 6, 6.25], "texture": "#0"},
				"up": {"uv": [5.75, 5.75, 5.75, 5.5], "texture": "#0"},
				"down": {"uv": [5.75, 5.5, 5.75, 5.75], "texture": "#0"}
			}
		},
		{
			"from": [2, 28, 3],
			"to": [2, 30, 4],
			"rotation": {"angle": 0, "axis": "y", "origin": [0, 20, 0]},
			"faces": {
				"north": {"uv": [5.75, 5.25, 5.75, 5.75], "texture": "#0"},
				"east": {"uv": [5.5, 5.25, 5.75, 5.75], "texture": "#0"},
				"south": {"uv": [6, 5.25, 6, 5.75], "texture": "#0"},
				"west": {"uv": [5.75, 5.25, 6, 5.75], "texture": "#0"},
				"up": {"uv": [5.75, 5.25, 5.75, 5], "texture": "#0"},
				"down": {"uv": [5.75, 5, 5.75, 5.25], "texture": "#0"}
			}
		},
		{
			"from": [1, 28, 1],
			"to": [1, 30, 2],
			"rotation": {"angle": 0, "axis": "y", "origin": [0, 20, 0]},
			"faces": {
				"north": {"uv": [5.75, 4.75, 5.75, 5.25], "texture": "#0"},
				"east": {"uv": [5.5, 4.75, 5.75, 5.25], "texture": "#0"},
				"south": {"uv": [6, 4.75, 6, 5.25], "texture": "#0"},
				"west": {"uv": [5.75, 4.75, 6, 5.25], "texture": "#0"},
				"up": {"uv": [5.75, 4.75, 5.75, 4.5], "texture": "#0"},
				"down": {"uv": [5.75, 4.5, 5.75, 4.75], "texture": "#0"}
			}
		},
		{
			"from": [-4, 28, 0],
			"to": [-4, 30, 1],
			"rotation": {"angle": 0, "axis": "y", "origin": [0, 20, 0]},
			"faces": {
				"north": {"uv": [5.25, 5.5, 5.25, 6], "texture": "#0"},
				"east": {"uv": [5, 5.5, 5.25, 6], "texture": "#0"},
				"south": {"uv": [5.5, 5.5, 5.5, 6], "texture": "#0"},
				"west": {"uv": [5.25, 5.5, 5.5, 6], "texture": "#0"},
				"up": {"uv": [5.25, 5.5, 5.25, 5.25], "texture": "#0"},
				"down": {"uv": [5.25, 5.25, 5.25, 5.5], "texture": "#0"}
			}
		},
		{
			"from": [-6, 27, 0],
			"to": [-5, 27, 1],
			"rotation": {"angle": 0, "axis": "y", "origin": [0, 20, 0]},
			"faces": {
				"north": {"uv": [5, 5.5, 5.25, 5.5], "texture": "#0"},
				"east": {"uv": [4.75, 5.5, 5, 5.5], "texture": "#0"},
				"south": {"uv": [5.5, 5.5, 5.75, 5.5], "texture": "#0"},
				"west": {"uv": [5.25, 5.5, 5.5, 5.5], "texture": "#0"},
				"up": {"uv": [5.25, 5.5, 5, 5.25], "texture": "#0"},
				"down": {"uv": [5.5, 5.25, 5.25, 5.5], "texture": "#0"}
			}
		},
		{
			"from": [-6, 26, -2],
			"to": [-5, 26, -1],
			"rotation": {"angle": 0, "axis": "y", "origin": [0, 20, 0]},
			"faces": {
				"north": {"uv": [5.5, 4.75, 5.75, 4.75], "texture": "#0"},
				"east": {"uv": [5.25, 4.75, 5.5, 4.75], "texture": "#0"},
				"south": {"uv": [6, 4.75, 6.25, 4.75], "texture": "#0"},
				"west": {"uv": [5.75, 4.75, 6, 4.75], "texture": "#0"},
				"up": {"uv": [5.75, 4.75, 5.5, 4.5], "texture": "#0"},
				"down": {"uv": [6, 4.5, 5.75, 4.75], "texture": "#0"}
			}
		},
		{
			"from": [-6, 25, 2],
			"to": [-5, 25, 3],
			"rotation": {"angle": 0, "axis": "y", "origin": [0, 20, 0]},
			"faces": {
				"north": {"uv": [5.5, 4.5, 5.75, 4.5], "texture": "#0"},
				"east": {"uv": [5.25, 4.5, 5.5, 4.5], "texture": "#0"},
				"south": {"uv": [6, 4.5, 6.25, 4.5], "texture": "#0"},
				"west": {"uv": [5.75, 4.5, 6, 4.5], "texture": "#0"},
				"up": {"uv": [5.75, 4.5, 5.5, 4.25], "texture": "#0"},
				"down": {"uv": [6, 4.25, 5.75, 4.5], "texture": "#0"}
			}
		},
		{
			"from": [-6, 26, 3],
			"to": [-5, 26, 4],
			"rotation": {"angle": 0, "axis": "y", "origin": [0, 20, 0]},
			"faces": {
				"north": {"uv": [5.5, 4.25, 5.75, 4.25], "texture": "#0"},
				"east": {"uv": [5.25, 4.25, 5.5, 4.25], "texture": "#0"},
				"south": {"uv": [6, 4.25, 6.25, 4.25], "texture": "#0"},
				"west": {"uv": [5.75, 4.25, 6, 4.25], "texture": "#0"},
				"up": {"uv": [5.75, 4.25, 5.5, 4], "texture": "#0"},
				"down": {"uv": [6, 4, 5.75, 4.25], "texture": "#0"}
			}
		},
		{
			"from": [-6, 26, 1],
			"to": [-5, 26, 2],
			"rotation": {"angle": 0, "axis": "y", "origin": [0, 20, 0]},
			"faces": {
				"north": {"uv": [5, 5.25, 5.25, 5.25], "texture": "#0"},
				"east": {"uv": [4.75, 5.25, 5, 5.25], "texture": "#0"},
				"south": {"uv": [5.5, 5.25, 5.75, 5.25], "texture": "#0"},
				"west": {"uv": [5.25, 5.25, 5.5, 5.25], "texture": "#0"},
				"up": {"uv": [5.25, 5.25, 5, 5], "texture": "#0"},
				"down": {"uv": [5.5, 5, 5.25, 5.25], "texture": "#0"}
			}
		},
		{
			"from": [-7, 26.5, -3],
			"to": [-5, 26.5, -2],
			"rotation": {"angle": 0, "axis": "y", "origin": [0, 20, 0]},
			"faces": {
				"north": {"uv": [1, 0.75, 1.5, 0.75], "texture": "#0"},
				"east": {"uv": [0.75, 0.75, 1, 0.75], "texture": "#0"},
				"south": {"uv": [1.75, 0.75, 2.25, 0.75], "texture": "#0"},
				"west": {"uv": [1.5, 0.75, 1.75, 0.75], "texture": "#0"},
				"up": {"uv": [1.5, 0.75, 1, 0.5], "texture": "#0"},
				"down": {"uv": [2, 0.5, 1.5, 0.75], "texture": "#0"}
			}
		},
		{
			"from": [5, 26.5, -3],
			"to": [7, 26.5, -2],
			"rotation": {"angle": 0, "axis": "y", "origin": [0, 20, 0]},
			"faces": {
				"north": {"uv": [1, 0.5, 1.5, 0.5], "texture": "#0"},
				"east": {"uv": [0.75, 0.5, 1, 0.5], "texture": "#0"},
				"south": {"uv": [1.75, 0.5, 2.25, 0.5], "texture": "#0"},
				"west": {"uv": [1.5, 0.5, 1.75, 0.5], "texture": "#0"},
				"up": {"uv": [1.5, 0.5, 1, 0.25], "texture": "#0"},
				"down": {"uv": [2, 0.25, 1.5, 0.5], "texture": "#0"}
			}
		},
		{
			"from": [5, 25.5, 0],
			"to": [7, 25.5, 1],
			"rotation": {"angle": 0, "axis": "y", "origin": [0, 20, 0]},
			"faces": {
				"north": {"uv": [1, 0.25, 1.5, 0.25], "texture": "#0"},
				"east": {"uv": [0.75, 0.25, 1, 0.25], "texture": "#0"},
				"south": {"uv": [1.75, 0.25, 2.25, 0.25], "texture": "#0"},
				"west": {"uv": [1.5, 0.25, 1.75, 0.25], "texture": "#0"},
				"up": {"uv": [1.5, 0.25, 1, 0], "texture": "#0"},
				"down": {"uv": [2, 0, 1.5, 0.25], "texture": "#0"}
			}
		},
		{
			"from": [5, 26.5, 2],
			"to": [6, 26.5, 3],
			"rotation": {"angle": 0, "axis": "y", "origin": [0, 20, 0]},
			"faces": {
				"north": {"uv": [5, 5, 5.25, 5], "texture": "#0"},
				"east": {"uv": [4.75, 5, 5, 5], "texture": "#0"},
				"south": {"uv": [5.5, 5, 5.75, 5], "texture": "#0"},
				"west": {"uv": [5.25, 5, 5.5, 5], "texture": "#0"},
				"up": {"uv": [5.25, 5, 5, 4.75], "texture": "#0"},
				"down": {"uv": [5.5, 4.75, 5.25, 5], "texture": "#0"}
			}
		},
		{
			"from": [5, 25.5, -4],
			"to": [6, 25.5, -3],
			"rotation": {"angle": 0, "axis": "y", "origin": [0, 20, 0]},
			"faces": {
				"north": {"uv": [5, 4.75, 5.25, 4.75], "texture": "#0"},
				"east": {"uv": [4.75, 4.75, 5, 4.75], "texture": "#0"},
				"south": {"uv": [5.5, 4.75, 5.75, 4.75], "texture": "#0"},
				"west": {"uv": [5.25, 4.75, 5.5, 4.75], "texture": "#0"},
				"up": {"uv": [5.25, 4.75, 5, 4.5], "texture": "#0"},
				"down": {"uv": [5.5, 4.5, 5.25, 4.75], "texture": "#0"}
			}
		},
		{
			"from": [3, 25.5, -6],
			"to": [4, 25.5, -5],
			"rotation": {"angle": 0, "axis": "y", "origin": [0, 20, 0]},
			"faces": {
				"north": {"uv": [5, 4.5, 5.25, 4.5], "texture": "#0"},
				"east": {"uv": [4.75, 4.5, 5, 4.5], "texture": "#0"},
				"south": {"uv": [5.5, 4.5, 5.75, 4.5], "texture": "#0"},
				"west": {"uv": [5.25, 4.5, 5.5, 4.5], "texture": "#0"},
				"up": {"uv": [5.25, 4.5, 5, 4.25], "texture": "#0"},
				"down": {"uv": [5.5, 4.25, 5.25, 4.5], "texture": "#0"}
			}
		},
		{
			"from": [2, 26.5, -7],
			"to": [3, 26.5, -5],
			"rotation": {"angle": 0, "axis": "y", "origin": [0, 20, 0]},
			"faces": {
				"north": {"uv": [0.5, 1, 0.75, 1], "texture": "#0"},
				"east": {"uv": [0, 1, 0.5, 1], "texture": "#0"},
				"south": {"uv": [1.25, 1, 1.5, 1], "texture": "#0"},
				"west": {"uv": [0.75, 1, 1.25, 1], "texture": "#0"},
				"up": {"uv": [0.75, 1, 0.5, 0.5], "texture": "#0"},
				"down": {"uv": [1, 0.5, 0.75, 1], "texture": "#0"}
			}
		},
		{
			"from": [1, 27.5, -6],
			"to": [2, 27.5, -5],
			"rotation": {"angle": 0, "axis": "y", "origin": [0, 20, 0]},
			"faces": {
				"north": {"uv": [5, 4.25, 5.25, 4.25], "texture": "#0"},
				"east": {"uv": [4.75, 4.25, 5, 4.25], "texture": "#0"},
				"south": {"uv": [5.5, 4.25, 5.75, 4.25], "texture": "#0"},
				"west": {"uv": [5.25, 4.25, 5.5, 4.25], "texture": "#0"},
				"up": {"uv": [5.25, 4.25, 5, 4], "texture": "#0"},
				"down": {"uv": [5.5, 4, 5.25, 4.25], "texture": "#0"}
			}
		},
		{
			"from": [-1, 27.5, -7],
			"to": [0, 27.5, -5],
			"rotation": {"angle": 0, "axis": "y", "origin": [0, 20, 0]},
			"faces": {
				"north": {"uv": [0.5, 0.5, 0.75, 0.5], "texture": "#0"},
				"east": {"uv": [0, 0.5, 0.5, 0.5], "texture": "#0"},
				"south": {"uv": [1.25, 0.5, 1.5, 0.5], "texture": "#0"},
				"west": {"uv": [0.75, 0.5, 1.25, 0.5], "texture": "#0"},
				"up": {"uv": [0.75, 0.5, 0.5, 0], "texture": "#0"},
				"down": {"uv": [1, 0, 0.75, 0.5], "texture": "#0"}
			}
		},
		{
			"from": [-1, 26.5, -6],
			"to": [0, 26.5, -5],
			"rotation": {"angle": 0, "axis": "y", "origin": [0, 20, 0]},
			"faces": {
				"north": {"uv": [2, 1.25, 2.25, 1.25], "texture": "#0"},
				"east": {"uv": [1.75, 1.25, 2, 1.25], "texture": "#0"},
				"south": {"uv": [2.5, 1.25, 2.75, 1.25], "texture": "#0"},
				"west": {"uv": [2.25, 1.25, 2.5, 1.25], "texture": "#0"},
				"up": {"uv": [2.25, 1.25, 2, 1], "texture": "#0"},
				"down": {"uv": [2.5, 1, 2.25, 1.25], "texture": "#0"}
			}
		},
		{
			"from": [-4, 26.5, -6],
			"to": [-3, 26.5, -5],
			"rotation": {"angle": 0, "axis": "y", "origin": [0, 20, 0]},
			"faces": {
				"north": {"uv": [2, 1, 2.25, 1], "texture": "#0"},
				"east": {"uv": [1.75, 1, 2, 1], "texture": "#0"},
				"south": {"uv": [2.5, 1, 2.75, 1], "texture": "#0"},
				"west": {"uv": [2.25, 1, 2.5, 1], "texture": "#0"},
				"up": {"uv": [2.25, 1, 2, 0.75], "texture": "#0"},
				"down": {"uv": [2.5, 0.75, 2.25, 1], "texture": "#0"}
			}
		},
		{
			"from": [5, 26.5, 0],
			"to": [6, 26.5, 1],
			"rotation": {"angle": 0, "axis": "y", "origin": [0, 20, 0]},
			"faces": {
				"north": {"uv": [2, 0.75, 2.25, 0.75], "texture": "#0"},
				"east": {"uv": [1.75, 0.75, 2, 0.75], "texture": "#0"},
				"south": {"uv": [2.5, 0.75, 2.75, 0.75], "texture": "#0"},
				"west": {"uv": [2.25, 0.75, 2.5, 0.75], "texture": "#0"},
				"up": {"uv": [2.25, 0.75, 2, 0.5], "texture": "#0"},
				"down": {"uv": [2.5, 0.5, 2.25, 0.75], "texture": "#0"}
			}
		},
		{
			"from": [5, 24.5, 3],
			"to": [6, 24.5, 4],
			"rotation": {"angle": 0, "axis": "y", "origin": [0, 20, 0]},
			"faces": {
				"north": {"uv": [2, 0.5, 2.25, 0.5], "texture": "#0"},
				"east": {"uv": [1.75, 0.5, 2, 0.5], "texture": "#0"},
				"south": {"uv": [2.5, 0.5, 2.75, 0.5], "texture": "#0"},
				"west": {"uv": [2.25, 0.5, 2.5, 0.5], "texture": "#0"},
				"up": {"uv": [2.25, 0.5, 2, 0.25], "texture": "#0"},
				"down": {"uv": [2.5, 0.25, 2.25, 0.5], "texture": "#0"}
			}
		},
		{
			"from": [-6, 27, -4],
			"to": [-5, 27, -3],
			"rotation": {"angle": 0, "axis": "y", "origin": [0, 20, 0]},
			"faces": {
				"north": {"uv": [2, 0.25, 2.25, 0.25], "texture": "#0"},
				"east": {"uv": [1.75, 0.25, 2, 0.25], "texture": "#0"},
				"south": {"uv": [2.5, 0.25, 2.75, 0.25], "texture": "#0"},
				"west": {"uv": [2.25, 0.25, 2.5, 0.25], "texture": "#0"},
				"up": {"uv": [2.25, 0.25, 2, 0], "texture": "#0"},
				"down": {"uv": [2.5, 0, 2.25, 0.25], "texture": "#0"}
			}
		},
		{
			"from": [-3, 28, -3],
			"to": [-3, 30, -2],
			"rotation": {"angle": 0, "axis": "y", "origin": [0, 20, 0]},
			"faces": {
				"north": {"uv": [0.25, 0.25, 0.25, 0.75], "texture": "#0"},
				"east": {"uv": [0, 0.25, 0.25, 0.75], "texture": "#0"},
				"south": {"uv": [0.5, 0.25, 0.5, 0.75], "texture": "#0"},
				"west": {"uv": [0.25, 0.25, 0.5, 0.75], "texture": "#0"},
				"up": {"uv": [0.25, 0.25, 0.25, 0], "texture": "#0"},
				"down": {"uv": [0.25, 0, 0.25, 0.25], "texture": "#0"}
			}
		},
		{
			"from": [-5, 23, 0],
			"to": [-5, 28, 5],
			"rotation": {"angle": 0, "axis": "y", "origin": [0, 20, 0]},
			"faces": {
				"north": {"uv": [1.25, 1.25, 1.25, 2.5], "texture": "#0"},
				"east": {"uv": [0, 1.25, 1.25, 2.5], "texture": "#0"},
				"south": {"uv": [2.5, 1.25, 2.5, 2.5], "texture": "#0"},
				"west": {"uv": [1.25, 1.25, 2.5, 2.5], "texture": "#0"},
				"up": {"uv": [1.25, 1.25, 1.25, 0], "texture": "#0"},
				"down": {"uv": [1.25, 0, 1.25, 1.25], "texture": "#0"}
			}
		},
		{
			"from": [-5, 24, -5],
			"to": [-5, 28, 0],
			"rotation": {"angle": 0, "axis": "y", "origin": [0, 20, 0]},
			"faces": {
				"north": {"uv": [3.75, 4.75, 3.75, 5.75], "texture": "#0"},
				"east": {"uv": [2.5, 4.75, 3.75, 5.75], "texture": "#0"},
				"south": {"uv": [5, 4.75, 5, 5.75], "texture": "#0"},
				"west": {"uv": [3.75, 4.75, 5, 5.75], "texture": "#0"},
				"up": {"uv": [3.75, 4.75, 3.75, 3.5], "texture": "#0"},
				"down": {"uv": [3.75, 3.5, 3.75, 4.75], "texture": "#0"}
			}
		},
		{
			"from": [-5, 22, 5],
			"to": [5, 28, 5],
			"rotation": {"angle": 0, "axis": "y", "origin": [0, 20, 0]},
			"faces": {
				"north": {"uv": [0, 2.5, 2.5, 4], "texture": "#0"},
				"east": {"uv": [0, 2.5, 0, 4], "texture": "#0"},
				"south": {"uv": [2.5, 2.5, 5, 4], "texture": "#0"},
				"west": {"uv": [2.5, 2.5, 2.5, 4], "texture": "#0"},
				"up": {"uv": [2.5, 2.5, 0, 2.5], "texture": "#0"},
				"down": {"uv": [5, 2.5, 2.5, 2.5], "texture": "#0"}
			}
		},
		{
			"from": [-5, 25, -5],
			"to": [5, 28, -5],
			"rotation": {"angle": 0, "axis": "y", "origin": [0, 20, 0]},
			"faces": {
				"north": {"uv": [0, 4, 2.5, 4.75], "texture": "#0"},
				"east": {"uv": [0, 4, 0, 4.75], "texture": "#0"},
				"south": {"uv": [2.5, 4, 5, 4.75], "texture": "#0"},
				"west": {"uv": [2.5, 4, 2.5, 4.75], "texture": "#0"},
				"up": {"uv": [2.5, 4, 0, 4], "texture": "#0"},
				"down": {"uv": [5, 4, 2.5, 4], "texture": "#0"}
			}
		},
		{
			"from": [-1, 23, -5],
			"to": [1, 25, -5],
			"rotation": {"angle": 0, "axis": "y", "origin": [0, 20, 0]},
			"faces": {
				"north": {"uv": [5, 3.5, 5.5, 4], "texture": "#0"},
				"east": {"uv": [5, 3.5, 5, 4], "texture": "#0"},
				"south": {"uv": [5.5, 3.5, 6, 4], "texture": "#0"},
				"west": {"uv": [5.5, 3.5, 5.5, 4], "texture": "#0"},
				"up": {"uv": [5.5, 3.5, 5, 3.5], "texture": "#0"},
				"down": {"uv": [6, 3.5, 5.5, 3.5], "texture": "#0"}
			}
		}
	],
	"display": {
		"thirdperson_righthand": {
			"translation": [6, -12, 4],
			"scale": [0.7, 0.7, 0.7]
		},
		"thirdperson_lefthand": {
			"translation": [-6, -12, 4],
			"scale": [0.7, 0.7, 0.7]
		},
		"firstperson_righthand": {
			"rotation": [-3, -2, 0],
			"translation": [16, -17, 4.25],
			"scale": [1.3, 1, 1]
		},
		"firstperson_lefthand": {
			"rotation": [-3, -2, 0],
			"translation": [-4, -17, 2.5],
			"scale": [1.3, 1, 1]
		},
		"ground": {
			"translation": [8.25, -17, 8]
		},
		"gui": {
			"rotation": [-147.16, 47.44, 178.62],
			"translation": [0.75, -9.5, 0]
		},
		"head": {
			"translation": [12, -22.5, 12],
			"scale": [1.5, 1.5, 1.5]
		},
		"fixed": {
			"rotation": [180, -90, 180],
			"translation": [-11.75, -24.5, 11.5],
			"scale": [1.4, 1.4, 1.4]
		}
	},
	"groups": [
		{
			"name": "Head",
			"origin": [0, 20, -37],
			"color": 0,
			"children": [
				0,
				1,
				2,
				3,
				4,
				5,
				6,
				7,
				8,
				9,
				10,
				11,
				12,
				13,
				14,
				15,
				16,
				17,
				18,
				19,
				20,
				21,
				22,
				23,
				24,
				25,
				26,
				27,
				28,
				29,
				30,
				31,
				32,
				33,
				34,
				35,
				36,
				37,
				38,
				39,
				40,
				41,
				42,
				43,
				44,
				45,
				46,
				47,
				48,
				49,
				50,
				51,
				52,
				53
			]
		}
	]
}